date,expected,month,day,weekday
2023-01-01,79,1,1,6
2023-01-01,79,1,1,6
2023-01-01,79,1,1,6
2023-01-01,79,1,1,6
2023-01-01,79,1,1,6
2023-01-01,79,1,1,6
2023-01-02,72,1,2,0
2023-01-02,72,1,2,0
2023-01-02,72,1,2,0
2023-01-02,72,1,2,0
2023-01-02,72,1,2,0
2023-01-02,72,1,2,0
2023-01-03,50,1,3,1
2023-01-03,50,1,3,1
2023-01-03,50,1,3,1
2023-01-03,50,1,3,1
2023-01-03,50,1,3,1
2023-01-03,50,1,3,1
2023-01-04,60,1,4,2
2023-01-04,60,1,4,2
2023-01-04,60,1,4,2
2023-01-04,60,1,4,2
2023-01-04,60,1,4,2
2023-01-04,60,1,4,2
2023-01-05,77,1,5,3
2023-01-05,77,1,5,3
2023-01-05,77,1,5,3
2023-01-05,77,1,5,3
2023-01-05,77,1,5,3
2023-01-05,77,1,5,3
2023-01-06,66,1,6,4
2023-01-06,66,1,6,4
2023-01-06,66,1,6,4
2023-01-06,66,1,6,4
2023-01-06,66,1,6,4
2023-01-06,66,1,6,4
2023-01-07,54,1,7,5
2023-01-07,54,1,7,5
2023-01-07,54,1,7,5
2023-01-07,54,1,7,5
2023-01-07,54,1,7,5
2023-01-07,54,1,7,5
2023-01-08,73,1,8,6
2023-01-08,73,1,8,6
2023-01-08,73,1,8,6
2023-01-08,73,1,8,6
2023-01-08,73,1,8,6
2023-01-08,73,1,8,6
2023-01-09,78,1,9,0
2023-01-09,78,1,9,0
2023-01-09,78,1,9,0
2023-01-09,78,1,9,0
2023-01-09,78,1,9,0
2023-01-09,78,1,9,0
2023-01-10,62,1,10,1
2023-01-10,62,1,10,1
2023-01-10,62,1,10,1
2023-01-10,62,1,10,1
2023-01-10,62,1,10,1
2023-01-10,62,1,10,1
2023-01-11,55,1,11,2
2023-01-11,55,1,11,2
2023-01-11,55,1,11,2
2023-01-11,55,1,11,2
2023-01-11,55,1,11,2
2023-01-11,55,1,11,2
2023-01-12,78,1,12,3
2023-01-12,78,1,12,3
2023-01-12,78,1,12,3
2023-01-12,78,1,12,3
2023-01-12,78,1,12,3
2023-01-12,78,1,12,3
2023-01-13,75,1,13,4
2023-01-13,75,1,13,4
2023-01-13,75,1,13,4
2023-01-13,75,1,13,4
2023-01-13,75,1,13,4
2023-01-13,75,1,13,4
2023-01-14,78,1,14,5
2023-01-14,78,1,14,5
2023-01-14,78,1,14,5
2023-01-14,78,1,14,5
2023-01-14,78,1,14,5
2023-01-14,78,1,14,5
2023-01-15,62,1,15,6
2023-01-15,62,1,15,6
2023-01-15,62,1,15,6
2023-01-15,62,1,15,6
2023-01-15,62,1,15,6
2023-01-15,62,1,15,6
2023-01-16,75,1,16,0
2023-01-16,75,1,16,0
2023-01-16,75,1,16,0
2023-01-16,75,1,16,0
2023-01-16,75,1,16,0
2023-01-16,75,1,16,0
2023-01-17,63,1,17,1
2023-01-17,63,1,17,1
2023-01-17,63,1,17,1
2023-01-17,63,1,17,1
2023-01-17,63,1,17,1
2023-01-17,63,1,17,1
2023-01-18,57,1,18,2
2023-01-18,57,1,18,2
2023-01-18,57,1,18,2
2023-01-18,57,1,18,2
2023-01-18,57,1,18,2
2023-01-18,57,1,18,2
2023-01-19,71,1,19,3
2023-01-19,71,1,19,3
2023-01-19,71,1,19,3
2023-01-19,71,1,19,3
2023-01-19,71,1,19,3
2023-01-19,71,1,19,3
2023-01-20,50,1,20,4
2023-01-20,50,1,20,4
2023-01-20,50,1,20,4
2023-01-20,50,1,20,4
2023-01-20,50,1,20,4
2023-01-20,50,1,20,4
2023-01-21,76,1,21,5
2023-01-21,76,1,21,5
2023-01-21,76,1,21,5
2023-01-21,76,1,21,5
2023-01-21,76,1,21,5
2023-01-21,76,1,21,5
2023-01-22,76,1,22,6
2023-01-22,76,1,22,6
2023-01-22,76,1,22,6
2023-01-22,76,1,22,6
2023-01-22,76,1,22,6
2023-01-22,76,1,22,6
2023-01-23,56,1,23,0
2023-01-23,56,1,23,0
2023-01-23,56,1,23,0
2023-01-23,56,1,23,0
2023-01-23,56,1,23,0
2023-01-23,56,1,23,0
2023-01-24,69,1,24,1
2023-01-24,69,1,24,1
2023-01-24,69,1,24,1
2023-01-24,69,1,24,1
2023-01-24,69,1,24,1
2023-01-24,69,1,24,1
2023-01-25,71,1,25,2
2023-01-25,71,1,25,2
2023-01-25,71,1,25,2
2023-01-25,71,1,25,2
2023-01-25,71,1,25,2
2023-01-25,71,1,25,2
2023-01-26,73,1,26,3
2023-01-26,73,1,26,3
2023-01-26,73,1,26,3
2023-01-26,73,1,26,3
2023-01-26,73,1,26,3
2023-01-26,73,1,26,3
2023-01-27,71,1,27,4
2023-01-27,71,1,27,4
2023-01-27,71,1,27,4
2023-01-27,71,1,27,4
2023-01-27,71,1,27,4
2023-01-27,71,1,27,4
2023-01-28,65,1,28,5
2023-01-28,65,1,28,5
2023-01-28,65,1,28,5
2023-01-28,65,1,28,5
2023-01-28,65,1,28,5
2023-01-28,65,1,28,5
2023-01-29,56,1,29,6
2023-01-29,56,1,29,6
2023-01-29,56,1,29,6
2023-01-29,56,1,29,6
2023-01-29,56,1,29,6
2023-01-29,56,1,29,6
2023-01-30,66,1,30,0
2023-01-30,66,1,30,0
2023-01-30,66,1,30,0
2023-01-30,66,1,30,0
2023-01-30,66,1,30,0
2023-01-30,66,1,30,0
2023-01-31,59,1,31,1
2023-01-31,59,1,31,1
2023-01-31,59,1,31,1
2023-01-31,59,1,31,1
2023-01-31,59,1,31,1
2023-01-31,59,1,31,1
2023-02-01,53,2,1,2
2023-02-01,53,2,1,2
2023-02-01,53,2,1,2
2023-02-01,53,2,1,2
2023-02-01,53,2,1,2
2023-02-01,53,2,1,2
2023-02-02,66,2,2,3
2023-02-02,66,2,2,3
2023-02-02,66,2,2,3
2023-02-02,66,2,2,3
2023-02-02,66,2,2,3
2023-02-02,66,2,2,3
2023-02-03,70,2,3,4
2023-02-03,70,2,3,4
2023-02-03,70,2,3,4
2023-02-03,70,2,3,4
2023-02-03,70,2,3,4
2023-02-03,70,2,3,4
2023-02-04,78,2,4,5
2023-02-04,78,2,4,5
2023-02-04,78,2,4,5
2023-02-04,78,2,4,5
2023-02-04,78,2,4,5
2023-02-04,78,2,4,5
2023-02-05,72,2,5,6
2023-02-05,72,2,5,6
2023-02-05,72,2,5,6
2023-02-05,72,2,5,6
2023-02-05,72,2,5,6
2023-02-05,72,2,5,6
2023-02-06,63,2,6,0
2023-02-06,63,2,6,0
2023-02-06,63,2,6,0
2023-02-06,63,2,6,0
2023-02-06,63,2,6,0
2023-02-06,63,2,6,0
2023-02-07,64,2,7,1
2023-02-07,64,2,7,1
2023-02-07,64,2,7,1
2023-02-07,64,2,7,1
2023-02-07,64,2,7,1
2023-02-07,64,2,7,1
2023-02-08,69,2,8,2
2023-02-08,69,2,8,2
2023-02-08,69,2,8,2
2023-02-08,69,2,8,2
2023-02-08,69,2,8,2
2023-02-08,69,2,8,2
2023-02-09,55,2,9,3
2023-02-09,55,2,9,3
2023-02-09,55,2,9,3
2023-02-09,55,2,9,3
2023-02-09,55,2,9,3
2023-02-09,55,2,9,3
2023-02-10,66,2,10,4
2023-02-10,66,2,10,4
2023-02-10,66,2,10,4
2023-02-10,66,2,10,4
2023-02-10,66,2,10,4
2023-02-10,66,2,10,4
2023-02-11,71,2,11,5
2023-02-11,71,2,11,5
2023-02-11,71,2,11,5
2023-02-11,71,2,11,5
2023-02-11,71,2,11,5
2023-02-11,71,2,11,5
2023-02-12,55,2,12,6
2023-02-12,55,2,12,6
2023-02-12,55,2,12,6
2023-02-12,55,2,12,6
2023-02-12,55,2,12,6
2023-02-12,55,2,12,6
2023-02-13,78,2,13,0
2023-02-13,78,2,13,0
2023-02-13,78,2,13,0
2023-02-13,78,2,13,0
2023-02-13,78,2,13,0
2023-02-13,78,2,13,0
2023-02-14,53,2,14,1
2023-02-14,53,2,14,1
2023-02-14,53,2,14,1
2023-02-14,53,2,14,1
2023-02-14,53,2,14,1
2023-02-14,53,2,14,1
2023-02-15,68,2,15,2
2023-02-15,68,2,15,2
2023-02-15,68,2,15,2
2023-02-15,68,2,15,2
2023-02-15,68,2,15,2
2023-02-15,68,2,15,2
2023-02-16,65,2,16,3
2023-02-16,65,2,16,3
2023-02-16,65,2,16,3
2023-02-16,65,2,16,3
2023-02-16,65,2,16,3
2023-02-16,65,2,16,3
2023-02-17,63,2,17,4
2023-02-17,63,2,17,4
2023-02-17,63,2,17,4
2023-02-17,63,2,17,4
2023-02-17,63,2,17,4
2023-02-17,63,2,17,4
2023-02-18,67,2,18,5
2023-02-18,67,2,18,5
2023-02-18,67,2,18,5
2023-02-18,67,2,18,5
2023-02-18,67,2,18,5
2023-02-18,67,2,18,5
2023-02-19,72,2,19,6
2023-02-19,72,2,19,6
2023-02-19,72,2,19,6
2023-02-19,72,2,19,6
2023-02-19,72,2,19,6
2023-02-19,72,2,19,6
2023-02-20,50,2,20,0
2023-02-20,50,2,20,0
2023-02-20,50,2,20,0
2023-02-20,50,2,20,0
2023-02-20,50,2,20,0
2023-02-20,50,2,20,0
2023-02-21,56,2,21,1
2023-02-21,56,2,21,1
2023-02-21,56,2,21,1
2023-02-21,56,2,21,1
2023-02-21,56,2,21,1
2023-02-21,56,2,21,1
2023-02-22,71,2,22,2
2023-02-22,71,2,22,2
2023-02-22,71,2,22,2
2023-02-22,71,2,22,2
2023-02-22,71,2,22,2
2023-02-22,71,2,22,2
2023-02-23,60,2,23,3
2023-02-23,60,2,23,3
2023-02-23,60,2,23,3
2023-02-23,60,2,23,3
2023-02-23,60,2,23,3
2023-02-23,60,2,23,3
2023-02-24,69,2,24,4
2023-02-24,69,2,24,4
2023-02-24,69,2,24,4
2023-02-24,69,2,24,4
2023-02-24,69,2,24,4
2023-02-24,69,2,24,4
2023-02-25,69,2,25,5
2023-02-25,69,2,25,5
2023-02-25,69,2,25,5
2023-02-25,69,2,25,5
2023-02-25,69,2,25,5
2023-02-25,69,2,25,5
2023-02-26,71,2,26,6
2023-02-26,71,2,26,6
2023-02-26,71,2,26,6
2023-02-26,71,2,26,6
2023-02-26,71,2,26,6
2023-02-26,71,2,26,6
2023-02-27,58,2,27,0
2023-02-27,58,2,27,0
2023-02-27,58,2,27,0
2023-02-27,58,2,27,0
2023-02-27,58,2,27,0
2023-02-27,58,2,27,0
2023-02-28,55,2,28,1
2023-02-28,55,2,28,1
2023-02-28,55,2,28,1
2023-02-28,55,2,28,1
2023-02-28,55,2,28,1
2023-02-28,55,2,28,1
2023-03-01,53,3,1,2
2023-03-01,53,3,1,2
2023-03-01,53,3,1,2
2023-03-01,53,3,1,2
2023-03-01,53,3,1,2
2023-03-01,53,3,1,2
2023-03-02,59,3,2,3
2023-03-02,59,3,2,3
2023-03-02,59,3,2,3
2023-03-02,59,3,2,3
2023-03-02,59,3,2,3
2023-03-02,59,3,2,3
2023-03-03,77,3,3,4
2023-03-03,77,3,3,4
2023-03-03,77,3,3,4
2023-03-03,77,3,3,4
2023-03-03,77,3,3,4
2023-03-03,77,3,3,4
2023-03-04,60,3,4,5
2023-03-04,60,3,4,5
2023-03-04,60,3,4,5
2023-03-04,60,3,4,5
2023-03-04,60,3,4,5
2023-03-04,60,3,4,5
2023-03-05,68,3,5,6
2023-03-05,68,3,5,6
2023-03-05,68,3,5,6
2023-03-05,68,3,5,6
2023-03-05,68,3,5,6
2023-03-05,68,3,5,6
2023-03-06,71,3,6,0
2023-03-06,71,3,6,0
2023-03-06,71,3,6,0
2023-03-06,71,3,6,0
2023-03-06,71,3,6,0
2023-03-06,71,3,6,0
2023-03-07,76,3,7,1
2023-03-07,76,3,7,1
2023-03-07,76,3,7,1
2023-03-07,76,3,7,1
2023-03-07,76,3,7,1
2023-03-07,76,3,7,1
2023-03-08,63,3,8,2
2023-03-08,63,3,8,2
2023-03-08,63,3,8,2
2023-03-08,63,3,8,2
2023-03-08,63,3,8,2
2023-03-08,63,3,8,2
2023-03-09,70,3,9,3
2023-03-09,70,3,9,3
2023-03-09,70,3,9,3
2023-03-09,70,3,9,3
2023-03-09,70,3,9,3
2023-03-09,70,3,9,3
2023-03-10,73,3,10,4
2023-03-10,73,3,10,4
2023-03-10,73,3,10,4
2023-03-10,73,3,10,4
2023-03-10,73,3,10,4
2023-03-10,73,3,10,4
2023-03-11,68,3,11,5
2023-03-11,68,3,11,5
2023-03-11,68,3,11,5
2023-03-11,68,3,11,5
2023-03-11,68,3,11,5
2023-03-11,68,3,11,5
2023-03-12,69,3,12,6
2023-03-12,69,3,12,6
2023-03-12,69,3,12,6
2023-03-12,69,3,12,6
2023-03-12,69,3,12,6
2023-03-12,69,3,12,6
2023-03-13,52,3,13,0
2023-03-13,52,3,13,0
2023-03-13,52,3,13,0
2023-03-13,52,3,13,0
2023-03-13,52,3,13,0
2023-03-13,52,3,13,0
2023-03-14,55,3,14,1
2023-03-14,55,3,14,1
2023-03-14,55,3,14,1
2023-03-14,55,3,14,1
2023-03-14,55,3,14,1
2023-03-14,55,3,14,1
2023-03-15,50,3,15,2
2023-03-15,50,3,15,2
2023-03-15,50,3,15,2
2023-03-15,50,3,15,2
2023-03-15,50,3,15,2
2023-03-15,50,3,15,2
2023-03-16,70,3,16,3
2023-03-16,70,3,16,3
2023-03-16,70,3,16,3
2023-03-16,70,3,16,3
2023-03-16,70,3,16,3
2023-03-16,70,3,16,3
2023-03-17,60,3,17,4
2023-03-17,60,3,17,4
2023-03-17,60,3,17,4
2023-03-17,60,3,17,4
2023-03-17,60,3,17,4
2023-03-17,60,3,17,4
2023-03-18,75,3,18,5
2023-03-18,75,3,18,5
2023-03-18,75,3,18,5
2023-03-18,75,3,18,5
2023-03-18,75,3,18,5
2023-03-18,75,3,18,5
2023-03-19,51,3,19,6
2023-03-19,51,3,19,6
2023-03-19,51,3,19,6
2023-03-19,51,3,19,6
2023-03-19,51,3,19,6
2023-03-19,51,3,19,6
2023-03-20,75,3,20,0
2023-03-20,75,3,20,0
2023-03-20,75,3,20,0
2023-03-20,75,3,20,0
2023-03-20,75,3,20,0
2023-03-20,75,3,20,0
2023-03-21,64,3,21,1
2023-03-21,64,3,21,1
2023-03-21,64,3,21,1
2023-03-21,64,3,21,1
2023-03-21,64,3,21,1
2023-03-21,64,3,21,1
2023-03-22,69,3,22,2
2023-03-22,69,3,22,2
2023-03-22,69,3,22,2
2023-03-22,69,3,22,2
2023-03-22,69,3,22,2
2023-03-22,69,3,22,2
2023-03-23,55,3,23,3
2023-03-23,55,3,23,3
2023-03-23,55,3,23,3
2023-03-23,55,3,23,3
2023-03-23,55,3,23,3
2023-03-23,55,3,23,3
2023-03-24,55,3,24,4
2023-03-24,55,3,24,4
2023-03-24,55,3,24,4
2023-03-24,55,3,24,4
2023-03-24,55,3,24,4
2023-03-24,55,3,24,4
2023-03-25,72,3,25,5
2023-03-25,72,3,25,5
2023-03-25,72,3,25,5
2023-03-25,72,3,25,5
2023-03-25,72,3,25,5
2023-03-25,72,3,25,5
2023-03-26,79,3,26,6
2023-03-26,79,3,26,6
2023-03-26,79,3,26,6
2023-03-26,79,3,26,6
2023-03-26,79,3,26,6
2023-03-26,79,3,26,6
2023-03-27,65,3,27,0
2023-03-27,65,3,27,0
2023-03-27,65,3,27,0
2023-03-27,65,3,27,0
2023-03-27,65,3,27,0
2023-03-27,65,3,27,0
2023-03-28,66,3,28,1
2023-03-28,66,3,28,1
2023-03-28,66,3,28,1
2023-03-28,66,3,28,1
2023-03-28,66,3,28,1
2023-03-28,66,3,28,1
2023-03-29,64,3,29,2
2023-03-29,64,3,29,2
2023-03-29,64,3,29,2
2023-03-29,64,3,29,2
2023-03-29,64,3,29,2
2023-03-29,64,3,29,2
2023-03-30,51,3,30,3
2023-03-30,51,3,30,3
2023-03-30,51,3,30,3
2023-03-30,51,3,30,3
2023-03-30,51,3,30,3
2023-03-30,51,3,30,3
2023-03-31,74,3,31,4
2023-03-31,74,3,31,4
2023-03-31,74,3,31,4
2023-03-31,74,3,31,4
2023-03-31,74,3,31,4
2023-03-31,74,3,31,4
2023-04-01,77,4,1,5
2023-04-01,77,4,1,5
2023-04-01,77,4,1,5
2023-04-01,77,4,1,5
2023-04-01,77,4,1,5
2023-04-01,77,4,1,5
2023-04-02,58,4,2,6
2023-04-02,58,4,2,6
2023-04-02,58,4,2,6
2023-04-02,58,4,2,6
2023-04-02,58,4,2,6
2023-04-02,58,4,2,6
2023-04-03,58,4,3,0
2023-04-03,58,4,3,0
2023-04-03,58,4,3,0
2023-04-03,58,4,3,0
2023-04-03,58,4,3,0
2023-04-03,58,4,3,0
2023-04-04,67,4,4,1
2023-04-04,67,4,4,1
2023-04-04,67,4,4,1
2023-04-04,67,4,4,1
2023-04-04,67,4,4,1
2023-04-04,67,4,4,1
2023-04-05,75,4,5,2
2023-04-05,75,4,5,2
2023-04-05,75,4,5,2
2023-04-05,75,4,5,2
2023-04-05,75,4,5,2
2023-04-05,75,4,5,2
2023-04-06,59,4,6,3
2023-04-06,59,4,6,3
2023-04-06,59,4,6,3
2023-04-06,59,4,6,3
2023-04-06,59,4,6,3
2023-04-06,59,4,6,3
2023-04-07,60,4,7,4
2023-04-07,60,4,7,4
2023-04-07,60,4,7,4
2023-04-07,60,4,7,4
2023-04-07,60,4,7,4
2023-04-07,60,4,7,4
2023-04-08,77,4,8,5
2023-04-08,77,4,8,5
2023-04-08,77,4,8,5
2023-04-08,77,4,8,5
2023-04-08,77,4,8,5
2023-04-08,77,4,8,5
2023-04-09,51,4,9,6
2023-04-09,51,4,9,6
2023-04-09,51,4,9,6
2023-04-09,51,4,9,6
2023-04-09,51,4,9,6
2023-04-09,51,4,9,6
2023-04-10,58,4,10,0
2023-04-10,58,4,10,0
2023-04-10,58,4,10,0
2023-04-10,58,4,10,0
2023-04-10,58,4,10,0
2023-04-10,58,4,10,0
2023-04-11,78,4,11,1
2023-04-11,78,4,11,1
2023-04-11,78,4,11,1
2023-04-11,78,4,11,1
2023-04-11,78,4,11,1
2023-04-11,78,4,11,1
2023-04-12,52,4,12,2
2023-04-12,52,4,12,2
2023-04-12,52,4,12,2
2023-04-12,52,4,12,2
2023-04-12,52,4,12,2
2023-04-12,52,4,12,2
2023-04-13,51,4,13,3
2023-04-13,51,4,13,3
2023-04-13,51,4,13,3
2023-04-13,51,4,13,3
2023-04-13,51,4,13,3
2023-04-13,51,4,13,3
2023-04-14,72,4,14,4
2023-04-14,72,4,14,4
2023-04-14,72,4,14,4
2023-04-14,72,4,14,4
2023-04-14,72,4,14,4
2023-04-14,72,4,14,4
2023-04-15,58,4,15,5
2023-04-15,58,4,15,5
2023-04-15,58,4,15,5
2023-04-15,58,4,15,5
2023-04-15,58,4,15,5
2023-04-15,58,4,15,5
2023-04-16,55,4,16,6
2023-04-16,55,4,16,6
2023-04-16,55,4,16,6
2023-04-16,55,4,16,6
2023-04-16,55,4,16,6
2023-04-16,55,4,16,6
2023-04-17,64,4,17,0
2023-04-17,64,4,17,0
2023-04-17,64,4,17,0
2023-04-17,64,4,17,0
2023-04-17,64,4,17,0
2023-04-17,64,4,17,0
2023-04-18,53,4,18,1
2023-04-18,53,4,18,1
2023-04-18,53,4,18,1
2023-04-18,53,4,18,1
2023-04-18,53,4,18,1
2023-04-18,53,4,18,1
2023-04-19,76,4,19,2
2023-04-19,76,4,19,2
2023-04-19,76,4,19,2
2023-04-19,76,4,19,2
2023-04-19,76,4,19,2
2023-04-19,76,4,19,2
2023-04-20,72,4,20,3
2023-04-20,72,4,20,3
2023-04-20,72,4,20,3
2023-04-20,72,4,20,3
2023-04-20,72,4,20,3
2023-04-20,72,4,20,3
2023-04-21,76,4,21,4
2023-04-21,76,4,21,4
2023-04-21,76,4,21,4
2023-04-21,76,4,21,4
2023-04-21,76,4,21,4
2023-04-21,76,4,21,4
2023-04-22,62,4,22,5
2023-04-22,62,4,22,5
2023-04-22,62,4,22,5
2023-04-22,62,4,22,5
2023-04-22,62,4,22,5
2023-04-22,62,4,22,5
2023-04-23,61,4,23,6
2023-04-23,61,4,23,6
2023-04-23,61,4,23,6
2023-04-23,61,4,23,6
2023-04-23,61,4,23,6
2023-04-23,61,4,23,6
2023-04-24,67,4,24,0
2023-04-24,67,4,24,0
2023-04-24,67,4,24,0
2023-04-24,67,4,24,0
2023-04-24,67,4,24,0
2023-04-24,67,4,24,0
2023-04-25,71,4,25,1
2023-04-25,71,4,25,1
2023-04-25,71,4,25,1
2023-04-25,71,4,25,1
2023-04-25,71,4,25,1
2023-04-25,71,4,25,1
2023-04-26,61,4,26,2
2023-04-26,61,4,26,2
2023-04-26,61,4,26,2
2023-04-26,61,4,26,2
2023-04-26,61,4,26,2
2023-04-26,61,4,26,2
2023-04-27,69,4,27,3
2023-04-27,69,4,27,3
2023-04-27,69,4,27,3
2023-04-27,69,4,27,3
2023-04-27,69,4,27,3
2023-04-27,69,4,27,3
2023-04-28,70,4,28,4
2023-04-28,70,4,28,4
2023-04-28,70,4,28,4
2023-04-28,70,4,28,4
2023-04-28,70,4,28,4
2023-04-28,70,4,28,4
2023-04-29,78,4,29,5
2023-04-29,78,4,29,5
2023-04-29,78,4,29,5
2023-04-29,78,4,29,5
2023-04-29,78,4,29,5
2023-04-29,78,4,29,5
2023-04-30,69,4,30,6
2023-04-30,69,4,30,6
2023-04-30,69,4,30,6
2023-04-30,69,4,30,6
2023-04-30,69,4,30,6
2023-04-30,69,4,30,6
2023-05-01,57,5,1,0
2023-05-01,57,5,1,0
2023-05-01,57,5,1,0
2023-05-01,57,5,1,0
2023-05-01,57,5,1,0
2023-05-01,57,5,1,0
2023-05-02,56,5,2,1
2023-05-02,56,5,2,1
2023-05-02,56,5,2,1
2023-05-02,56,5,2,1
2023-05-02,56,5,2,1
2023-05-02,56,5,2,1
2023-05-03,75,5,3,2
2023-05-03,75,5,3,2
2023-05-03,75,5,3,2
2023-05-03,75,5,3,2
2023-05-03,75,5,3,2
2023-05-03,75,5,3,2
2023-05-04,52,5,4,3
2023-05-04,52,5,4,3
2023-05-04,52,5,4,3
2023-05-04,52,5,4,3
2023-05-04,52,5,4,3
2023-05-04,52,5,4,3
2023-05-05,73,5,5,4
2023-05-05,73,5,5,4
2023-05-05,73,5,5,4
2023-05-05,73,5,5,4
2023-05-05,73,5,5,4
2023-05-05,73,5,5,4
2023-05-06,62,5,6,5
2023-05-06,62,5,6,5
2023-05-06,62,5,6,5
2023-05-06,62,5,6,5
2023-05-06,62,5,6,5
2023-05-06,62,5,6,5
2023-05-07,71,5,7,6
2023-05-07,71,5,7,6
2023-05-07,71,5,7,6
2023-05-07,71,5,7,6
2023-05-07,71,5,7,6
2023-05-07,71,5,7,6
2023-05-08,69,5,8,0
2023-05-08,69,5,8,0
2023-05-08,69,5,8,0
2023-05-08,69,5,8,0
2023-05-08,69,5,8,0
2023-05-08,69,5,8,0
2023-05-09,65,5,9,1
2023-05-09,65,5,9,1
2023-05-09,65,5,9,1
2023-05-09,65,5,9,1
2023-05-09,65,5,9,1
2023-05-09,65,5,9,1
2023-05-10,59,5,10,2
2023-05-10,59,5,10,2
2023-05-10,59,5,10,2
2023-05-10,59,5,10,2
2023-05-10,59,5,10,2
2023-05-10,59,5,10,2
2023-05-11,64,5,11,3
2023-05-11,64,5,11,3
2023-05-11,64,5,11,3
2023-05-11,64,5,11,3
2023-05-11,64,5,11,3
2023-05-11,64,5,11,3
2023-05-12,78,5,12,4
2023-05-12,78,5,12,4
2023-05-12,78,5,12,4
2023-05-12,78,5,12,4
2023-05-12,78,5,12,4
2023-05-12,78,5,12,4
2023-05-13,55,5,13,5
2023-05-13,55,5,13,5
2023-05-13,55,5,13,5
2023-05-13,55,5,13,5
2023-05-13,55,5,13,5
2023-05-13,55,5,13,5
2023-05-14,59,5,14,6
2023-05-14,59,5,14,6
2023-05-14,59,5,14,6
2023-05-14,59,5,14,6
2023-05-14,59,5,14,6
2023-05-14,59,5,14,6
2023-05-15,65,5,15,0
2023-05-15,65,5,15,0
2023-05-15,65,5,15,0
2023-05-15,65,5,15,0
2023-05-15,65,5,15,0
2023-05-15,65,5,15,0
2023-05-16,65,5,16,1
2023-05-16,65,5,16,1
2023-05-16,65,5,16,1
2023-05-16,65,5,16,1
2023-05-16,65,5,16,1
2023-05-16,65,5,16,1
2023-05-17,63,5,17,2
2023-05-17,63,5,17,2
2023-05-17,63,5,17,2
2023-05-17,63,5,17,2
2023-05-17,63,5,17,2
2023-05-17,63,5,17,2
2023-05-18,61,5,18,3
2023-05-18,61,5,18,3
2023-05-18,61,5,18,3
2023-05-18,61,5,18,3
2023-05-18,61,5,18,3
2023-05-18,61,5,18,3
2023-05-19,64,5,19,4
2023-05-19,64,5,19,4
2023-05-19,64,5,19,4
2023-05-19,64,5,19,4
2023-05-19,64,5,19,4
2023-05-19,64,5,19,4
2023-05-20,50,5,20,5
2023-05-20,50,5,20,5
2023-05-20,50,5,20,5
2023-05-20,50,5,20,5
2023-05-20,50,5,20,5
2023-05-20,50,5,20,5
2023-05-21,55,5,21,6
2023-05-21,55,5,21,6
2023-05-21,55,5,21,6
2023-05-21,55,5,21,6
2023-05-21,55,5,21,6
2023-05-21,55,5,21,6
2023-05-22,73,5,22,0
2023-05-22,73,5,22,0
2023-05-22,73,5,22,0
2023-05-22,73,5,22,0
2023-05-22,73,5,22,0
2023-05-22,73,5,22,0
2023-05-23,68,5,23,1
2023-05-23,68,5,23,1
2023-05-23,68,5,23,1
2023-05-23,68,5,23,1
2023-05-23,68,5,23,1
2023-05-23,68,5,23,1
2023-05-24,56,5,24,2
2023-05-24,56,5,24,2
2023-05-24,56,5,24,2
2023-05-24,56,5,24,2
2023-05-24,56,5,24,2
2023-05-24,56,5,24,2
2023-05-25,78,5,25,3
2023-05-25,78,5,25,3
2023-05-25,78,5,25,3
2023-05-25,78,5,25,3
2023-05-25,78,5,25,3
2023-05-25,78,5,25,3
2023-05-26,60,5,26,4
2023-05-26,60,5,26,4
2023-05-26,60,5,26,4
2023-05-26,60,5,26,4
2023-05-26,60,5,26,4
2023-05-26,60,5,26,4
2023-05-27,75,5,27,5
2023-05-27,75,5,27,5
2023-05-27,75,5,27,5
2023-05-27,75,5,27,5
2023-05-27,75,5,27,5
2023-05-27,75,5,27,5
2023-05-28,54,5,28,6
2023-05-28,54,5,28,6
2023-05-28,54,5,28,6
2023-05-28,54,5,28,6
2023-05-28,54,5,28,6
2023-05-28,54,5,28,6
2023-05-29,59,5,29,0
2023-05-29,59,5,29,0
2023-05-29,59,5,29,0
2023-05-29,59,5,29,0
2023-05-29,59,5,29,0
2023-05-29,59,5,29,0
2023-05-30,77,5,30,1
2023-05-30,77,5,30,1
2023-05-30,77,5,30,1
2023-05-30,77,5,30,1
2023-05-30,77,5,30,1
2023-05-30,77,5,30,1
2023-05-31,72,5,31,2
2023-05-31,72,5,31,2
2023-05-31,72,5,31,2
2023-05-31,72,5,31,2
2023-05-31,72,5,31,2
2023-05-31,72,5,31,2
2023-06-01,84,6,1,3
2023-06-01,84,6,1,3
2023-06-01,84,6,1,3
2023-06-01,84,6,1,3
2023-06-01,84,6,1,3
2023-06-01,84,6,1,3
2023-06-02,99,6,2,4
2023-06-02,99,6,2,4
2023-06-02,99,6,2,4
2023-06-02,99,6,2,4
2023-06-02,99,6,2,4
2023-06-02,99,6,2,4
2023-06-03,110,6,3,5
2023-06-03,110,6,3,5
2023-06-03,110,6,3,5
2023-06-03,110,6,3,5
2023-06-03,110,6,3,5
2023-06-03,110,6,3,5
2023-06-04,104,6,4,6
2023-06-04,104,6,4,6
2023-06-04,104,6,4,6
2023-06-04,104,6,4,6
2023-06-04,104,6,4,6
2023-06-04,104,6,4,6
2023-06-05,106,6,5,0
2023-06-05,106,6,5,0
2023-06-05,106,6,5,0
2023-06-05,106,6,5,0
2023-06-05,106,6,5,0
2023-06-05,106,6,5,0
2023-06-06,82,6,6,1
2023-06-06,82,6,6,1
2023-06-06,82,6,6,1
2023-06-06,82,6,6,1
2023-06-06,82,6,6,1
2023-06-06,82,6,6,1
2023-06-07,98,6,7,2
2023-06-07,98,6,7,2
2023-06-07,98,6,7,2
2023-06-07,98,6,7,2
2023-06-07,98,6,7,2
2023-06-07,98,6,7,2
2023-06-08,89,6,8,3
2023-06-08,89,6,8,3
2023-06-08,89,6,8,3
2023-06-08,89,6,8,3
2023-06-08,89,6,8,3
2023-06-08,89,6,8,3
2023-06-09,93,6,9,4
2023-06-09,93,6,9,4
2023-06-09,93,6,9,4
2023-06-09,93,6,9,4
2023-06-09,93,6,9,4
2023-06-09,93,6,9,4
2023-06-10,85,6,10,5
2023-06-10,85,6,10,5
2023-06-10,85,6,10,5
2023-06-10,85,6,10,5
2023-06-10,85,6,10,5
2023-06-10,85,6,10,5
2023-06-11,115,6,11,6
2023-06-11,115,6,11,6
2023-06-11,115,6,11,6
2023-06-11,115,6,11,6
2023-06-11,115,6,11,6
2023-06-11,115,6,11,6
2023-06-12,115,6,12,0
2023-06-12,115,6,12,0
2023-06-12,115,6,12,0
2023-06-12,115,6,12,0
2023-06-12,115,6,12,0
2023-06-12,115,6,12,0
2023-06-13,105,6,13,1
2023-06-13,105,6,13,1
2023-06-13,105,6,13,1
2023-06-13,105,6,13,1
2023-06-13,105,6,13,1
2023-06-13,105,6,13,1
2023-06-14,88,6,14,2
2023-06-14,88,6,14,2
2023-06-14,88,6,14,2
2023-06-14,88,6,14,2
2023-06-14,88,6,14,2
2023-06-14,88,6,14,2
2023-06-15,117,6,15,3
2023-06-15,117,6,15,3
2023-06-15,117,6,15,3
2023-06-15,117,6,15,3
2023-06-15,117,6,15,3
2023-06-15,117,6,15,3
2023-06-16,82,6,16,4
2023-06-16,82,6,16,4
2023-06-16,82,6,16,4
2023-06-16,82,6,16,4
2023-06-16,82,6,16,4
2023-06-16,82,6,16,4
2023-06-17,97,6,17,5
2023-06-17,97,6,17,5
2023-06-17,97,6,17,5
2023-06-17,97,6,17,5
2023-06-17,97,6,17,5
2023-06-17,97,6,17,5
2023-06-18,105,6,18,6
2023-06-18,105,6,18,6
2023-06-18,105,6,18,6
2023-06-18,105,6,18,6
2023-06-18,105,6,18,6
2023-06-18,105,6,18,6
2023-06-19,104,6,19,0
2023-06-19,104,6,19,0
2023-06-19,104,6,19,0
2023-06-19,104,6,19,0
2023-06-19,104,6,19,0
2023-06-19,104,6,19,0
2023-06-20,102,6,20,1
2023-06-20,102,6,20,1
2023-06-20,102,6,20,1
2023-06-20,102,6,20,1
2023-06-20,102,6,20,1
2023-06-20,102,6,20,1
2023-06-21,92,6,21,2
2023-06-21,92,6,21,2
2023-06-21,92,6,21,2
2023-06-21,92,6,21,2
2023-06-21,92,6,21,2
2023-06-21,92,6,21,2
2023-06-22,88,6,22,3
2023-06-22,88,6,22,3
2023-06-22,88,6,22,3
2023-06-22,88,6,22,3
2023-06-22,88,6,22,3
2023-06-22,88,6,22,3
2023-06-23,99,6,23,4
2023-06-23,99,6,23,4
2023-06-23,99,6,23,4
2023-06-23,99,6,23,4
2023-06-23,99,6,23,4
2023-06-23,99,6,23,4
2023-06-24,88,6,24,5
2023-06-24,88,6,24,5
2023-06-24,88,6,24,5
2023-06-24,88,6,24,5
2023-06-24,88,6,24,5
2023-06-24,88,6,24,5
2023-06-25,87,6,25,6
2023-06-25,87,6,25,6
2023-06-25,87,6,25,6
2023-06-25,87,6,25,6
2023-06-25,87,6,25,6
2023-06-25,87,6,25,6
2023-06-26,86,6,26,0
2023-06-26,86,6,26,0
2023-06-26,86,6,26,0
2023-06-26,86,6,26,0
2023-06-26,86,6,26,0
2023-06-26,86,6,26,0
2023-06-27,117,6,27,1
2023-06-27,117,6,27,1
2023-06-27,117,6,27,1
2023-06-27,117,6,27,1
2023-06-27,117,6,27,1
2023-06-27,117,6,27,1
2023-06-28,82,6,28,2
2023-06-28,82,6,28,2
2023-06-28,82,6,28,2
2023-06-28,82,6,28,2
2023-06-28,82,6,28,2
2023-06-28,82,6,28,2
2023-06-29,110,6,29,3
2023-06-29,110,6,29,3
2023-06-29,110,6,29,3
2023-06-29,110,6,29,3
2023-06-29,110,6,29,3
2023-06-29,110,6,29,3
2023-06-30,115,6,30,4
2023-06-30,115,6,30,4
2023-06-30,115,6,30,4
2023-06-30,115,6,30,4
2023-06-30,115,6,30,4
2023-06-30,115,6,30,4
2023-07-01,98,7,1,5
2023-07-01,98,7,1,5
2023-07-01,98,7,1,5
2023-07-01,98,7,1,5
2023-07-01,98,7,1,5
2023-07-01,98,7,1,5
2023-07-02,83,7,2,6
2023-07-02,83,7,2,6
2023-07-02,83,7,2,6
2023-07-02,83,7,2,6
2023-07-02,83,7,2,6
2023-07-02,83,7,2,6
2023-07-03,89,7,3,0
2023-07-03,89,7,3,0
2023-07-03,89,7,3,0
2023-07-03,89,7,3,0
2023-07-03,89,7,3,0
2023-07-03,89,7,3,0
2023-07-04,92,7,4,1
2023-07-04,92,7,4,1
2023-07-04,92,7,4,1
2023-07-04,92,7,4,1
2023-07-04,92,7,4,1
2023-07-04,92,7,4,1
2023-07-05,108,7,5,2
2023-07-05,108,7,5,2
2023-07-05,108,7,5,2
2023-07-05,108,7,5,2
2023-07-05,108,7,5,2
2023-07-05,108,7,5,2
2023-07-06,81,7,6,3
2023-07-06,81,7,6,3
2023-07-06,81,7,6,3
2023-07-06,81,7,6,3
2023-07-06,81,7,6,3
2023-07-06,81,7,6,3
2023-07-07,117,7,7,4
2023-07-07,117,7,7,4
2023-07-07,117,7,7,4
2023-07-07,117,7,7,4
2023-07-07,117,7,7,4
2023-07-07,117,7,7,4
2023-07-08,114,7,8,5
2023-07-08,114,7,8,5
2023-07-08,114,7,8,5
2023-07-08,114,7,8,5
2023-07-08,114,7,8,5
2023-07-08,114,7,8,5
2023-07-09,82,7,9,6
2023-07-09,82,7,9,6
2023-07-09,82,7,9,6
2023-07-09,82,7,9,6
2023-07-09,82,7,9,6
2023-07-09,82,7,9,6
2023-07-10,101,7,10,0
2023-07-10,101,7,10,0
2023-07-10,101,7,10,0
2023-07-10,101,7,10,0
2023-07-10,101,7,10,0
2023-07-10,101,7,10,0
2023-07-11,101,7,11,1
2023-07-11,101,7,11,1
2023-07-11,101,7,11,1
2023-07-11,101,7,11,1
2023-07-11,101,7,11,1
2023-07-11,101,7,11,1
2023-07-12,98,7,12,2
2023-07-12,98,7,12,2
2023-07-12,98,7,12,2
2023-07-12,98,7,12,2
2023-07-12,98,7,12,2
2023-07-12,98,7,12,2
2023-07-13,82,7,13,3
2023-07-13,82,7,13,3
2023-07-13,82,7,13,3
2023-07-13,82,7,13,3
2023-07-13,82,7,13,3
2023-07-13,82,7,13,3
2023-07-14,115,7,14,4
2023-07-14,115,7,14,4
2023-07-14,115,7,14,4
2023-07-14,115,7,14,4
2023-07-14,115,7,14,4
2023-07-14,115,7,14,4
2023-07-15,100,7,15,5
2023-07-15,100,7,15,5
2023-07-15,100,7,15,5
2023-07-15,100,7,15,5
2023-07-15,100,7,15,5
2023-07-15,100,7,15,5
2023-07-16,96,7,16,6
2023-07-16,96,7,16,6
2023-07-16,96,7,16,6
2023-07-16,96,7,16,6
2023-07-16,96,7,16,6
2023-07-16,96,7,16,6
2023-07-17,116,7,17,0
2023-07-17,116,7,17,0
2023-07-17,116,7,17,0
2023-07-17,116,7,17,0
2023-07-17,116,7,17,0
2023-07-17,116,7,17,0
2023-07-18,116,7,18,1
2023-07-18,116,7,18,1
2023-07-18,116,7,18,1
2023-07-18,116,7,18,1
2023-07-18,116,7,18,1
2023-07-18,116,7,18,1
2023-07-19,96,7,19,2
2023-07-19,96,7,19,2
2023-07-19,96,7,19,2
2023-07-19,96,7,19,2
2023-07-19,96,7,19,2
2023-07-19,96,7,19,2
2023-07-20,98,7,20,3
2023-07-20,98,7,20,3
2023-07-20,98,7,20,3
2023-07-20,98,7,20,3
2023-07-20,98,7,20,3
2023-07-20,98,7,20,3
2023-07-21,80,7,21,4
2023-07-21,80,7,21,4
2023-07-21,80,7,21,4
2023-07-21,80,7,21,4
2023-07-21,80,7,21,4
2023-07-21,80,7,21,4
2023-07-22,117,7,22,5
2023-07-22,117,7,22,5
2023-07-22,117,7,22,5
2023-07-22,117,7,22,5
2023-07-22,117,7,22,5
2023-07-22,117,7,22,5
2023-07-23,101,7,23,6
2023-07-23,101,7,23,6
2023-07-23,101,7,23,6
2023-07-23,101,7,23,6
2023-07-23,101,7,23,6
2023-07-23,101,7,23,6
2023-07-24,88,7,24,0
2023-07-24,88,7,24,0
2023-07-24,88,7,24,0
2023-07-24,88,7,24,0
2023-07-24,88,7,24,0
2023-07-24,88,7,24,0
2023-07-25,94,7,25,1
2023-07-25,94,7,25,1
2023-07-25,94,7,25,1
2023-07-25,94,7,25,1
2023-07-25,94,7,25,1
2023-07-25,94,7,25,1
2023-07-26,95,7,26,2
2023-07-26,95,7,26,2
2023-07-26,95,7,26,2
2023-07-26,95,7,26,2
2023-07-26,95,7,26,2
2023-07-26,95,7,26,2
2023-07-27,106,7,27,3
2023-07-27,106,7,27,3
2023-07-27,106,7,27,3
2023-07-27,106,7,27,3
2023-07-27,106,7,27,3
2023-07-27,106,7,27,3
2023-07-28,87,7,28,4
2023-07-28,87,7,28,4
2023-07-28,87,7,28,4
2023-07-28,87,7,28,4
2023-07-28,87,7,28,4
2023-07-28,87,7,28,4
2023-07-29,81,7,29,5
2023-07-29,81,7,29,5
2023-07-29,81,7,29,5
2023-07-29,81,7,29,5
2023-07-29,81,7,29,5
2023-07-29,81,7,29,5
2023-07-30,113,7,30,6
2023-07-30,113,7,30,6
2023-07-30,113,7,30,6
2023-07-30,113,7,30,6
2023-07-30,113,7,30,6
2023-07-30,113,7,30,6
2023-07-31,89,7,31,0
2023-07-31,89,7,31,0
2023-07-31,89,7,31,0
2023-07-31,89,7,31,0
2023-07-31,89,7,31,0
2023-07-31,89,7,31,0
2023-08-01,98,8,1,1
2023-08-01,98,8,1,1
2023-08-01,98,8,1,1
2023-08-01,98,8,1,1
2023-08-01,98,8,1,1
2023-08-01,98,8,1,1
2023-08-02,89,8,2,2
2023-08-02,89,8,2,2
2023-08-02,89,8,2,2
2023-08-02,89,8,2,2
2023-08-02,89,8,2,2
2023-08-02,89,8,2,2
2023-08-03,83,8,3,3
2023-08-03,83,8,3,3
2023-08-03,83,8,3,3
2023-08-03,83,8,3,3
2023-08-03,83,8,3,3
2023-08-03,83,8,3,3
2023-08-04,99,8,4,4
2023-08-04,99,8,4,4
2023-08-04,99,8,4,4
2023-08-04,99,8,4,4
2023-08-04,99,8,4,4
2023-08-04,99,8,4,4
2023-08-05,106,8,5,5
2023-08-05,106,8,5,5
2023-08-05,106,8,5,5
2023-08-05,106,8,5,5
2023-08-05,106,8,5,5
2023-08-05,106,8,5,5
2023-08-06,119,8,6,6
2023-08-06,119,8,6,6
2023-08-06,119,8,6,6
2023-08-06,119,8,6,6
2023-08-06,119,8,6,6
2023-08-06,119,8,6,6
2023-08-07,84,8,7,0
2023-08-07,84,8,7,0
2023-08-07,84,8,7,0
2023-08-07,84,8,7,0
2023-08-07,84,8,7,0
2023-08-07,84,8,7,0
2023-08-08,87,8,8,1
2023-08-08,87,8,8,1
2023-08-08,87,8,8,1
2023-08-08,87,8,8,1
2023-08-08,87,8,8,1
2023-08-08,87,8,8,1
2023-08-09,94,8,9,2
2023-08-09,94,8,9,2
2023-08-09,94,8,9,2
2023-08-09,94,8,9,2
2023-08-09,94,8,9,2
2023-08-09,94,8,9,2
2023-08-10,103,8,10,3
2023-08-10,103,8,10,3
2023-08-10,103,8,10,3
2023-08-10,103,8,10,3
2023-08-10,103,8,10,3
2023-08-10,103,8,10,3
2023-08-11,81,8,11,4
2023-08-11,81,8,11,4
2023-08-11,81,8,11,4
2023-08-11,81,8,11,4
2023-08-11,81,8,11,4
2023-08-11,81,8,11,4
2023-08-12,101,8,12,5
2023-08-12,101,8,12,5
2023-08-12,101,8,12,5
2023-08-12,101,8,12,5
2023-08-12,101,8,12,5
2023-08-12,101,8,12,5
2023-08-13,102,8,13,6
2023-08-13,102,8,13,6
2023-08-13,102,8,13,6
2023-08-13,102,8,13,6
2023-08-13,102,8,13,6
2023-08-13,102,8,13,6
2023-08-14,89,8,14,0
2023-08-14,89,8,14,0
2023-08-14,89,8,14,0
2023-08-14,89,8,14,0
2023-08-14,89,8,14,0
2023-08-14,89,8,14,0
2023-08-15,104,8,15,1
2023-08-15,104,8,15,1
2023-08-15,104,8,15,1
2023-08-15,104,8,15,1
2023-08-15,104,8,15,1
2023-08-15,104,8,15,1
2023-08-16,115,8,16,2
2023-08-16,115,8,16,2
2023-08-16,115,8,16,2
2023-08-16,115,8,16,2
2023-08-16,115,8,16,2
2023-08-16,115,8,16,2
2023-08-17,99,8,17,3
2023-08-17,99,8,17,3
2023-08-17,99,8,17,3
2023-08-17,99,8,17,3
2023-08-17,99,8,17,3
2023-08-17,99,8,17,3
2023-08-18,83,8,18,4
2023-08-18,83,8,18,4
2023-08-18,83,8,18,4
2023-08-18,83,8,18,4
2023-08-18,83,8,18,4
2023-08-18,83,8,18,4
2023-08-19,101,8,19,5
2023-08-19,101,8,19,5
2023-08-19,101,8,19,5
2023-08-19,101,8,19,5
2023-08-19,101,8,19,5
2023-08-19,101,8,19,5
2023-08-20,103,8,20,6
2023-08-20,103,8,20,6
2023-08-20,103,8,20,6
2023-08-20,103,8,20,6
2023-08-20,103,8,20,6
2023-08-20,103,8,20,6
2023-08-21,118,8,21,0
2023-08-21,118,8,21,0
2023-08-21,118,8,21,0
2023-08-21,118,8,21,0
2023-08-21,118,8,21,0
2023-08-21,118,8,21,0
2023-08-22,119,8,22,1
2023-08-22,119,8,22,1
2023-08-22,119,8,22,1
2023-08-22,119,8,22,1
2023-08-22,119,8,22,1
2023-08-22,119,8,22,1
2023-08-23,87,8,23,2
2023-08-23,87,8,23,2
2023-08-23,87,8,23,2
2023-08-23,87,8,23,2
2023-08-23,87,8,23,2
2023-08-23,87,8,23,2
2023-08-24,104,8,24,3
2023-08-24,104,8,24,3
2023-08-24,104,8,24,3
2023-08-24,104,8,24,3
2023-08-24,104,8,24,3
2023-08-24,104,8,24,3
2023-08-25,91,8,25,4
2023-08-25,91,8,25,4
2023-08-25,91,8,25,4
2023-08-25,91,8,25,4
2023-08-25,91,8,25,4
2023-08-25,91,8,25,4
2023-08-26,102,8,26,5
2023-08-26,102,8,26,5
2023-08-26,102,8,26,5
2023-08-26,102,8,26,5
2023-08-26,102,8,26,5
2023-08-26,102,8,26,5
2023-08-27,81,8,27,6
2023-08-27,81,8,27,6
2023-08-27,81,8,27,6
2023-08-27,81,8,27,6
2023-08-27,81,8,27,6
2023-08-27,81,8,27,6
2023-08-28,107,8,28,0
2023-08-28,107,8,28,0
2023-08-28,107,8,28,0
2023-08-28,107,8,28,0
2023-08-28,107,8,28,0
2023-08-28,107,8,28,0
2023-08-29,105,8,29,1
2023-08-29,105,8,29,1
2023-08-29,105,8,29,1
2023-08-29,105,8,29,1
2023-08-29,105,8,29,1
2023-08-29,105,8,29,1
2023-08-30,81,8,30,2
2023-08-30,81,8,30,2
2023-08-30,81,8,30,2
2023-08-30,81,8,30,2
2023-08-30,81,8,30,2
2023-08-30,81,8,30,2
2023-08-31,102,8,31,3
2023-08-31,102,8,31,3
2023-08-31,102,8,31,3
2023-08-31,102,8,31,3
2023-08-31,102,8,31,3
2023-08-31,102,8,31,3
2023-09-01,58,9,1,4
2023-09-01,58,9,1,4
2023-09-01,58,9,1,4
2023-09-01,58,9,1,4
2023-09-01,58,9,1,4
2023-09-01,58,9,1,4
2023-09-02,75,9,2,5
2023-09-02,75,9,2,5
2023-09-02,75,9,2,5
2023-09-02,75,9,2,5
2023-09-02,75,9,2,5
2023-09-02,75,9,2,5
2023-09-03,71,9,3,6
2023-09-03,71,9,3,6
2023-09-03,71,9,3,6
2023-09-03,71,9,3,6
2023-09-03,71,9,3,6
2023-09-03,71,9,3,6
2023-09-04,68,9,4,0
2023-09-04,68,9,4,0
2023-09-04,68,9,4,0
2023-09-04,68,9,4,0
2023-09-04,68,9,4,0
2023-09-04,68,9,4,0
2023-09-05,69,9,5,1
2023-09-05,69,9,5,1
2023-09-05,69,9,5,1
2023-09-05,69,9,5,1
2023-09-05,69,9,5,1
2023-09-05,69,9,5,1
2023-09-06,54,9,6,2
2023-09-06,54,9,6,2
2023-09-06,54,9,6,2
2023-09-06,54,9,6,2
2023-09-06,54,9,6,2
2023-09-06,54,9,6,2
2023-09-07,53,9,7,3
2023-09-07,53,9,7,3
2023-09-07,53,9,7,3
2023-09-07,53,9,7,3
2023-09-07,53,9,7,3
2023-09-07,53,9,7,3
2023-09-08,79,9,8,4
2023-09-08,79,9,8,4
2023-09-08,79,9,8,4
2023-09-08,79,9,8,4
2023-09-08,79,9,8,4
2023-09-08,79,9,8,4
2023-09-09,51,9,9,5
2023-09-09,51,9,9,5
2023-09-09,51,9,9,5
2023-09-09,51,9,9,5
2023-09-09,51,9,9,5
2023-09-09,51,9,9,5
2023-09-10,70,9,10,6
2023-09-10,70,9,10,6
2023-09-10,70,9,10,6
2023-09-10,70,9,10,6
2023-09-10,70,9,10,6
2023-09-10,70,9,10,6
2023-09-11,79,9,11,0
2023-09-11,79,9,11,0
2023-09-11,79,9,11,0
2023-09-11,79,9,11,0
2023-09-11,79,9,11,0
2023-09-11,79,9,11,0
2023-09-12,70,9,12,1
2023-09-12,70,9,12,1
2023-09-12,70,9,12,1
2023-09-12,70,9,12,1
2023-09-12,70,9,12,1
2023-09-12,70,9,12,1
2023-09-13,61,9,13,2
2023-09-13,61,9,13,2
2023-09-13,61,9,13,2
2023-09-13,61,9,13,2
2023-09-13,61,9,13,2
2023-09-13,61,9,13,2
2023-09-14,50,9,14,3
2023-09-14,50,9,14,3
2023-09-14,50,9,14,3
2023-09-14,50,9,14,3
2023-09-14,50,9,14,3
2023-09-14,50,9,14,3
2023-09-15,61,9,15,4
2023-09-15,61,9,15,4
2023-09-15,61,9,15,4
2023-09-15,61,9,15,4
2023-09-15,61,9,15,4
2023-09-15,61,9,15,4
2023-09-16,67,9,16,5
2023-09-16,67,9,16,5
2023-09-16,67,9,16,5
2023-09-16,67,9,16,5
2023-09-16,67,9,16,5
2023-09-16,67,9,16,5
2023-09-17,54,9,17,6
2023-09-17,54,9,17,6
2023-09-17,54,9,17,6
2023-09-17,54,9,17,6
2023-09-17,54,9,17,6
2023-09-17,54,9,17,6
2023-09-18,59,9,18,0
2023-09-18,59,9,18,0
2023-09-18,59,9,18,0
2023-09-18,59,9,18,0
2023-09-18,59,9,18,0
2023-09-18,59,9,18,0
2023-09-19,76,9,19,1
2023-09-19,76,9,19,1
2023-09-19,76,9,19,1
2023-09-19,76,9,19,1
2023-09-19,76,9,19,1
2023-09-19,76,9,19,1
2023-09-20,69,9,20,2
2023-09-20,69,9,20,2
2023-09-20,69,9,20,2
2023-09-20,69,9,20,2
2023-09-20,69,9,20,2
2023-09-20,69,9,20,2
2023-09-21,52,9,21,3
2023-09-21,52,9,21,3
2023-09-21,52,9,21,3
2023-09-21,52,9,21,3
2023-09-21,52,9,21,3
2023-09-21,52,9,21,3
2023-09-22,59,9,22,4
2023-09-22,59,9,22,4
2023-09-22,59,9,22,4
2023-09-22,59,9,22,4
2023-09-22,59,9,22,4
2023-09-22,59,9,22,4
2023-09-23,50,9,23,5
2023-09-23,50,9,23,5
2023-09-23,50,9,23,5
2023-09-23,50,9,23,5
2023-09-23,50,9,23,5
2023-09-23,50,9,23,5
2023-09-24,51,9,24,6
2023-09-24,51,9,24,6
2023-09-24,51,9,24,6
2023-09-24,51,9,24,6
2023-09-24,51,9,24,6
2023-09-24,51,9,24,6
2023-09-25,65,9,25,0
2023-09-25,65,9,25,0
2023-09-25,65,9,25,0
2023-09-25,65,9,25,0
2023-09-25,65,9,25,0
2023-09-25,65,9,25,0
2023-09-26,57,9,26,1
2023-09-26,57,9,26,1
2023-09-26,57,9,26,1
2023-09-26,57,9,26,1
2023-09-26,57,9,26,1
2023-09-26,57,9,26,1
2023-09-27,65,9,27,2
2023-09-27,65,9,27,2
2023-09-27,65,9,27,2
2023-09-27,65,9,27,2
2023-09-27,65,9,27,2
2023-09-27,65,9,27,2
2023-09-28,75,9,28,3
2023-09-28,75,9,28,3
2023-09-28,75,9,28,3
2023-09-28,75,9,28,3
2023-09-28,75,9,28,3
2023-09-28,75,9,28,3
2023-09-29,50,9,29,4
2023-09-29,50,9,29,4
2023-09-29,50,9,29,4
2023-09-29,50,9,29,4
2023-09-29,50,9,29,4
2023-09-29,50,9,29,4
2023-09-30,59,9,30,5
2023-09-30,59,9,30,5
2023-09-30,59,9,30,5
2023-09-30,59,9,30,5
2023-09-30,59,9,30,5
2023-09-30,59,9,30,5
2023-10-01,70,10,1,6
2023-10-01,70,10,1,6
2023-10-01,70,10,1,6
2023-10-01,70,10,1,6
2023-10-01,70,10,1,6
2023-10-01,70,10,1,6
2023-10-02,69,10,2,0
2023-10-02,69,10,2,0
2023-10-02,69,10,2,0
2023-10-02,69,10,2,0
2023-10-02,69,10,2,0
2023-10-02,69,10,2,0
2023-10-03,69,10,3,1
2023-10-03,69,10,3,1
2023-10-03,69,10,3,1
2023-10-03,69,10,3,1
2023-10-03,69,10,3,1
2023-10-03,69,10,3,1
2023-10-04,52,10,4,2
2023-10-04,52,10,4,2
2023-10-04,52,10,4,2
2023-10-04,52,10,4,2
2023-10-04,52,10,4,2
2023-10-04,52,10,4,2
2023-10-05,57,10,5,3
2023-10-05,57,10,5,3
2023-10-05,57,10,5,3
2023-10-05,57,10,5,3
2023-10-05,57,10,5,3
2023-10-05,57,10,5,3
2023-10-06,56,10,6,4
2023-10-06,56,10,6,4
2023-10-06,56,10,6,4
2023-10-06,56,10,6,4
2023-10-06,56,10,6,4
2023-10-06,56,10,6,4
2023-10-07,51,10,7,5
2023-10-07,51,10,7,5
2023-10-07,51,10,7,5
2023-10-07,51,10,7,5
2023-10-07,51,10,7,5
2023-10-07,51,10,7,5
2023-10-08,72,10,8,6
2023-10-08,72,10,8,6
2023-10-08,72,10,8,6
2023-10-08,72,10,8,6
2023-10-08,72,10,8,6
2023-10-08,72,10,8,6
2023-10-09,57,10,9,0
2023-10-09,57,10,9,0
2023-10-09,57,10,9,0
2023-10-09,57,10,9,0
2023-10-09,57,10,9,0
2023-10-09,57,10,9,0
2023-10-10,72,10,10,1
2023-10-10,72,10,10,1
2023-10-10,72,10,10,1
2023-10-10,72,10,10,1
2023-10-10,72,10,10,1
2023-10-10,72,10,10,1
2023-10-11,54,10,11,2
2023-10-11,54,10,11,2
2023-10-11,54,10,11,2
2023-10-11,54,10,11,2
2023-10-11,54,10,11,2
2023-10-11,54,10,11,2
2023-10-12,56,10,12,3
2023-10-12,56,10,12,3
2023-10-12,56,10,12,3
2023-10-12,56,10,12,3
2023-10-12,56,10,12,3
2023-10-12,56,10,12,3
2023-10-13,61,10,13,4
2023-10-13,61,10,13,4
2023-10-13,61,10,13,4
2023-10-13,61,10,13,4
2023-10-13,61,10,13,4
2023-10-13,61,10,13,4
2023-10-14,53,10,14,5
2023-10-14,53,10,14,5
2023-10-14,53,10,14,5
2023-10-14,53,10,14,5
2023-10-14,53,10,14,5
2023-10-14,53,10,14,5
2023-10-15,68,10,15,6
2023-10-15,68,10,15,6
2023-10-15,68,10,15,6
2023-10-15,68,10,15,6
2023-10-15,68,10,15,6
2023-10-15,68,10,15,6
2023-10-16,67,10,16,0
2023-10-16,67,10,16,0
2023-10-16,67,10,16,0
2023-10-16,67,10,16,0
2023-10-16,67,10,16,0
2023-10-16,67,10,16,0
2023-10-17,78,10,17,1
2023-10-17,78,10,17,1
2023-10-17,78,10,17,1
2023-10-17,78,10,17,1
2023-10-17,78,10,17,1
2023-10-17,78,10,17,1
2023-10-18,58,10,18,2
2023-10-18,58,10,18,2
2023-10-18,58,10,18,2
2023-10-18,58,10,18,2
2023-10-18,58,10,18,2
2023-10-18,58,10,18,2
2023-10-19,77,10,19,3
2023-10-19,77,10,19,3
2023-10-19,77,10,19,3
2023-10-19,77,10,19,3
2023-10-19,77,10,19,3
2023-10-19,77,10,19,3
2023-10-20,55,10,20,4
2023-10-20,55,10,20,4
2023-10-20,55,10,20,4
2023-10-20,55,10,20,4
2023-10-20,55,10,20,4
2023-10-20,55,10,20,4
2023-10-21,75,10,21,5
2023-10-21,75,10,21,5
2023-10-21,75,10,21,5
2023-10-21,75,10,21,5
2023-10-21,75,10,21,5
2023-10-21,75,10,21,5
2023-10-22,63,10,22,6
2023-10-22,63,10,22,6
2023-10-22,63,10,22,6
2023-10-22,63,10,22,6
2023-10-22,63,10,22,6
2023-10-22,63,10,22,6
2023-10-23,55,10,23,0
2023-10-23,55,10,23,0
2023-10-23,55,10,23,0
2023-10-23,55,10,23,0
2023-10-23,55,10,23,0
2023-10-23,55,10,23,0
2023-10-24,76,10,24,1
2023-10-24,76,10,24,1
2023-10-24,76,10,24,1
2023-10-24,76,10,24,1
2023-10-24,76,10,24,1
2023-10-24,76,10,24,1
2023-10-25,73,10,25,2
2023-10-25,73,10,25,2
2023-10-25,73,10,25,2
2023-10-25,73,10,25,2
2023-10-25,73,10,25,2
2023-10-25,73,10,25,2
2023-10-26,74,10,26,3
2023-10-26,74,10,26,3
2023-10-26,74,10,26,3
2023-10-26,74,10,26,3
2023-10-26,74,10,26,3
2023-10-26,74,10,26,3
2023-10-27,66,10,27,4
2023-10-27,66,10,27,4
2023-10-27,66,10,27,4
2023-10-27,66,10,27,4
2023-10-27,66,10,27,4
2023-10-27,66,10,27,4
2023-10-28,56,10,28,5
2023-10-28,56,10,28,5
2023-10-28,56,10,28,5
2023-10-28,56,10,28,5
2023-10-28,56,10,28,5
2023-10-28,56,10,28,5
2023-10-29,51,10,29,6
2023-10-29,51,10,29,6
2023-10-29,51,10,29,6
2023-10-29,51,10,29,6
2023-10-29,51,10,29,6
2023-10-29,51,10,29,6
2023-10-30,70,10,30,0
2023-10-30,70,10,30,0
2023-10-30,70,10,30,0
2023-10-30,70,10,30,0
2023-10-30,70,10,30,0
2023-10-30,70,10,30,0
2023-10-31,70,10,31,1
2023-10-31,70,10,31,1
2023-10-31,70,10,31,1
2023-10-31,70,10,31,1
2023-10-31,70,10,31,1
2023-10-31,70,10,31,1
2023-11-01,76,11,1,2
2023-11-01,76,11,1,2
2023-11-01,76,11,1,2
2023-11-01,76,11,1,2
2023-11-01,76,11,1,2
2023-11-01,76,11,1,2
2023-11-02,55,11,2,3
2023-11-02,55,11,2,3
2023-11-02,55,11,2,3
2023-11-02,55,11,2,3
2023-11-02,55,11,2,3
2023-11-02,55,11,2,3
2023-11-03,52,11,3,4
2023-11-03,52,11,3,4
2023-11-03,52,11,3,4
2023-11-03,52,11,3,4
2023-11-03,52,11,3,4
2023-11-03,52,11,3,4
2023-11-04,58,11,4,5
2023-11-04,58,11,4,5
2023-11-04,58,11,4,5
2023-11-04,58,11,4,5
2023-11-04,58,11,4,5
2023-11-04,58,11,4,5
2023-11-05,68,11,5,6
2023-11-05,68,11,5,6
2023-11-05,68,11,5,6
2023-11-05,68,11,5,6
2023-11-05,68,11,5,6
2023-11-05,68,11,5,6
2023-11-06,77,11,6,0
2023-11-06,77,11,6,0
2023-11-06,77,11,6,0
2023-11-06,77,11,6,0
2023-11-06,77,11,6,0
2023-11-06,77,11,6,0
2023-11-07,78,11,7,1
2023-11-07,78,11,7,1
2023-11-07,78,11,7,1
2023-11-07,78,11,7,1
2023-11-07,78,11,7,1
2023-11-07,78,11,7,1
2023-11-08,67,11,8,2
2023-11-08,67,11,8,2
2023-11-08,67,11,8,2
2023-11-08,67,11,8,2
2023-11-08,67,11,8,2
2023-11-08,67,11,8,2
2023-11-09,73,11,9,3
2023-11-09,73,11,9,3
2023-11-09,73,11,9,3
2023-11-09,73,11,9,3
2023-11-09,73,11,9,3
2023-11-09,73,11,9,3
2023-11-10,55,11,10,4
2023-11-10,55,11,10,4
2023-11-10,55,11,10,4
2023-11-10,55,11,10,4
2023-11-10,55,11,10,4
2023-11-10,55,11,10,4
2023-11-11,71,11,11,5
2023-11-11,71,11,11,5
2023-11-11,71,11,11,5
2023-11-11,71,11,11,5
2023-11-11,71,11,11,5
2023-11-11,71,11,11,5
2023-11-12,60,11,12,6
2023-11-12,60,11,12,6
2023-11-12,60,11,12,6
2023-11-12,60,11,12,6
2023-11-12,60,11,12,6
2023-11-12,60,11,12,6
2023-11-13,62,11,13,0
2023-11-13,62,11,13,0
2023-11-13,62,11,13,0
2023-11-13,62,11,13,0
2023-11-13,62,11,13,0
2023-11-13,62,11,13,0
2023-11-14,63,11,14,1
2023-11-14,63,11,14,1
2023-11-14,63,11,14,1
2023-11-14,63,11,14,1
2023-11-14,63,11,14,1
2023-11-14,63,11,14,1
2023-11-15,60,11,15,2
2023-11-15,60,11,15,2
2023-11-15,60,11,15,2
2023-11-15,60,11,15,2
2023-11-15,60,11,15,2
2023-11-15,60,11,15,2
2023-11-16,71,11,16,3
2023-11-16,71,11,16,3
2023-11-16,71,11,16,3
2023-11-16,71,11,16,3
2023-11-16,71,11,16,3
2023-11-16,71,11,16,3
2023-11-17,50,11,17,4
2023-11-17,50,11,17,4
2023-11-17,50,11,17,4
2023-11-17,50,11,17,4
2023-11-17,50,11,17,4
2023-11-17,50,11,17,4
2023-11-18,62,11,18,5
2023-11-18,62,11,18,5
2023-11-18,62,11,18,5
2023-11-18,62,11,18,5
2023-11-18,62,11,18,5
2023-11-18,62,11,18,5
2023-11-19,70,11,19,6
2023-11-19,70,11,19,6
2023-11-19,70,11,19,6
2023-11-19,70,11,19,6
2023-11-19,70,11,19,6
2023-11-19,70,11,19,6
2023-11-20,71,11,20,0
2023-11-20,71,11,20,0
2023-11-20,71,11,20,0
2023-11-20,71,11,20,0
2023-11-20,71,11,20,0
2023-11-20,71,11,20,0
2023-11-21,62,11,21,1
2023-11-21,62,11,21,1
2023-11-21,62,11,21,1
2023-11-21,62,11,21,1
2023-11-21,62,11,21,1
2023-11-21,62,11,21,1
2023-11-22,57,11,22,2
2023-11-22,57,11,22,2
2023-11-22,57,11,22,2
2023-11-22,57,11,22,2
2023-11-22,57,11,22,2
2023-11-22,57,11,22,2
2023-11-23,67,11,23,3
2023-11-23,67,11,23,3
2023-11-23,67,11,23,3
2023-11-23,67,11,23,3
2023-11-23,67,11,23,3
2023-11-23,67,11,23,3
2023-11-24,59,11,24,4
2023-11-24,59,11,24,4
2023-11-24,59,11,24,4
2023-11-24,59,11,24,4
2023-11-24,59,11,24,4
2023-11-24,59,11,24,4
2023-11-25,79,11,25,5
2023-11-25,79,11,25,5
2023-11-25,79,11,25,5
2023-11-25,79,11,25,5
2023-11-25,79,11,25,5
2023-11-25,79,11,25,5
2023-11-26,57,11,26,6
2023-11-26,57,11,26,6
2023-11-26,57,11,26,6
2023-11-26,57,11,26,6
2023-11-26,57,11,26,6
2023-11-26,57,11,26,6
2023-11-27,62,11,27,0
2023-11-27,62,11,27,0
2023-11-27,62,11,27,0
2023-11-27,62,11,27,0
2023-11-27,62,11,27,0
2023-11-27,62,11,27,0
2023-11-28,62,11,28,1
2023-11-28,62,11,28,1
2023-11-28,62,11,28,1
2023-11-28,62,11,28,1
2023-11-28,62,11,28,1
2023-11-28,62,11,28,1
2023-11-29,65,11,29,2
2023-11-29,65,11,29,2
2023-11-29,65,11,29,2
2023-11-29,65,11,29,2
2023-11-29,65,11,29,2
2023-11-29,65,11,29,2
2023-11-30,60,11,30,3
2023-11-30,60,11,30,3
2023-11-30,60,11,30,3
2023-11-30,60,11,30,3
2023-11-30,60,11,30,3
2023-11-30,60,11,30,3
2023-12-01,89,12,1,4
2023-12-01,89,12,1,4
2023-12-01,89,12,1,4
2023-12-01,89,12,1,4
2023-12-01,89,12,1,4
2023-12-01,89,12,1,4
2023-12-02,87,12,2,5
2023-12-02,87,12,2,5
2023-12-02,87,12,2,5
2023-12-02,87,12,2,5
2023-12-02,87,12,2,5
2023-12-02,87,12,2,5
2023-12-03,107,12,3,6
2023-12-03,107,12,3,6
2023-12-03,107,12,3,6
2023-12-03,107,12,3,6
2023-12-03,107,12,3,6
2023-12-03,107,12,3,6
2023-12-04,107,12,4,0
2023-12-04,107,12,4,0
2023-12-04,107,12,4,0
2023-12-04,107,12,4,0
2023-12-04,107,12,4,0
2023-12-04,107,12,4,0
2023-12-05,118,12,5,1
2023-12-05,118,12,5,1
2023-12-05,118,12,5,1
2023-12-05,118,12,5,1
2023-12-05,118,12,5,1
2023-12-05,118,12,5,1
2023-12-06,100,12,6,2
2023-12-06,100,12,6,2
2023-12-06,100,12,6,2
2023-12-06,100,12,6,2
2023-12-06,100,12,6,2
2023-12-06,100,12,6,2
2023-12-07,118,12,7,3
2023-12-07,118,12,7,3
2023-12-07,118,12,7,3
2023-12-07,118,12,7,3
2023-12-07,118,12,7,3
2023-12-07,118,12,7,3
2023-12-08,96,12,8,4
2023-12-08,96,12,8,4
2023-12-08,96,12,8,4
2023-12-08,96,12,8,4
2023-12-08,96,12,8,4
2023-12-08,96,12,8,4
2023-12-09,103,12,9,5
2023-12-09,103,12,9,5
2023-12-09,103,12,9,5
2023-12-09,103,12,9,5
2023-12-09,103,12,9,5
2023-12-09,103,12,9,5
2023-12-10,116,12,10,6
2023-12-10,116,12,10,6
2023-12-10,116,12,10,6
2023-12-10,116,12,10,6
2023-12-10,116,12,10,6
2023-12-10,116,12,10,6
2023-12-11,106,12,11,0
2023-12-11,106,12,11,0
2023-12-11,106,12,11,0
2023-12-11,106,12,11,0
2023-12-11,106,12,11,0
2023-12-11,106,12,11,0
2023-12-12,87,12,12,1
2023-12-12,87,12,12,1
2023-12-12,87,12,12,1
2023-12-12,87,12,12,1
2023-12-12,87,12,12,1
2023-12-12,87,12,12,1
2023-12-13,80,12,13,2
2023-12-13,80,12,13,2
2023-12-13,80,12,13,2
2023-12-13,80,12,13,2
2023-12-13,80,12,13,2
2023-12-13,80,12,13,2
2023-12-14,87,12,14,3
2023-12-14,87,12,14,3
2023-12-14,87,12,14,3
2023-12-14,87,12,14,3
2023-12-14,87,12,14,3
2023-12-14,87,12,14,3
2023-12-15,114,12,15,4
2023-12-15,114,12,15,4
2023-12-15,114,12,15,4
2023-12-15,114,12,15,4
2023-12-15,114,12,15,4
2023-12-15,114,12,15,4
2023-12-16,113,12,16,5
2023-12-16,113,12,16,5
2023-12-16,113,12,16,5
2023-12-16,113,12,16,5
2023-12-16,113,12,16,5
2023-12-16,113,12,16,5
2023-12-17,109,12,17,6
2023-12-17,109,12,17,6
2023-12-17,109,12,17,6
2023-12-17,109,12,17,6
2023-12-17,109,12,17,6
2023-12-17,109,12,17,6
2023-12-18,108,12,18,0
2023-12-18,108,12,18,0
2023-12-18,108,12,18,0
2023-12-18,108,12,18,0
2023-12-18,108,12,18,0
2023-12-18,108,12,18,0
2023-12-19,93,12,19,1
2023-12-19,93,12,19,1
2023-12-19,93,12,19,1
2023-12-19,93,12,19,1
2023-12-19,93,12,19,1
2023-12-19,93,12,19,1
2023-12-20,117,12,20,2
2023-12-20,117,12,20,2
2023-12-20,117,12,20,2
2023-12-20,117,12,20,2
2023-12-20,117,12,20,2
2023-12-20,117,12,20,2
2023-12-21,117,12,21,3
2023-12-21,117,12,21,3
2023-12-21,117,12,21,3
2023-12-21,117,12,21,3
2023-12-21,117,12,21,3
2023-12-21,117,12,21,3
2023-12-22,98,12,22,4
2023-12-22,98,12,22,4
2023-12-22,98,12,22,4
2023-12-22,98,12,22,4
2023-12-22,98,12,22,4
2023-12-22,98,12,22,4
2023-12-23,105,12,23,5
2023-12-23,105,12,23,5
2023-12-23,105,12,23,5
2023-12-23,105,12,23,5
2023-12-23,105,12,23,5
2023-12-23,105,12,23,5
2023-12-24,93,12,24,6
2023-12-24,93,12,24,6
2023-12-24,93,12,24,6
2023-12-24,93,12,24,6
2023-12-24,93,12,24,6
2023-12-24,93,12,24,6
2023-12-25,84,12,25,0
2023-12-25,84,12,25,0
2023-12-25,84,12,25,0
2023-12-25,84,12,25,0
2023-12-25,84,12,25,0
2023-12-25,84,12,25,0
2023-12-26,93,12,26,1
2023-12-26,93,12,26,1
2023-12-26,93,12,26,1
2023-12-26,93,12,26,1
2023-12-26,93,12,26,1
2023-12-26,93,12,26,1
2023-12-27,104,12,27,2
2023-12-27,104,12,27,2
2023-12-27,104,12,27,2
2023-12-27,104,12,27,2
2023-12-27,104,12,27,2
2023-12-27,104,12,27,2
2023-12-28,116,12,28,3
2023-12-28,116,12,28,3
2023-12-28,116,12,28,3
2023-12-28,116,12,28,3
2023-12-28,116,12,28,3
2023-12-28,116,12,28,3
2023-12-29,99,12,29,4
2023-12-29,99,12,29,4
2023-12-29,99,12,29,4
2023-12-29,99,12,29,4
2023-12-29,99,12,29,4
2023-12-29,99,12,29,4
2023-12-30,103,12,30,5
2023-12-30,103,12,30,5
2023-12-30,103,12,30,5
2023-12-30,103,12,30,5
2023-12-30,103,12,30,5
2023-12-30,103,12,30,5
2023-12-31,118,12,31,6
2023-12-31,118,12,31,6
2023-12-31,118,12,31,6
2023-12-31,118,12,31,6
2023-12-31,118,12,31,6
2023-12-31,118,12,31,6
2024-01-01,67,1,1,0
2024-01-01,67,1,1,0
2024-01-01,67,1,1,0
2024-01-01,67,1,1,0
2024-01-01,67,1,1,0
2024-01-01,67,1,1,0
2024-01-02,72,1,2,1
2024-01-02,72,1,2,1
2024-01-02,72,1,2,1
2024-01-02,72,1,2,1
2024-01-02,72,1,2,1
2024-01-02,72,1,2,1
2024-01-03,74,1,3,2
2024-01-03,74,1,3,2
2024-01-03,74,1,3,2
2024-01-03,74,1,3,2
2024-01-03,74,1,3,2
2024-01-03,74,1,3,2
2024-01-04,61,1,4,3
2024-01-04,61,1,4,3
2024-01-04,61,1,4,3
2024-01-04,61,1,4,3
2024-01-04,61,1,4,3
2024-01-04,61,1,4,3
2024-01-05,78,1,5,4
2024-01-05,78,1,5,4
2024-01-05,78,1,5,4
2024-01-05,78,1,5,4
2024-01-05,78,1,5,4
2024-01-05,78,1,5,4
2024-01-06,78,1,6,5
2024-01-06,78,1,6,5
2024-01-06,78,1,6,5
2024-01-06,78,1,6,5
2024-01-06,78,1,6,5
2024-01-06,78,1,6,5
2024-01-07,79,1,7,6
2024-01-07,79,1,7,6
2024-01-07,79,1,7,6
2024-01-07,79,1,7,6
2024-01-07,79,1,7,6
2024-01-07,79,1,7,6
2024-01-08,55,1,8,0
2024-01-08,55,1,8,0
2024-01-08,55,1,8,0
2024-01-08,55,1,8,0
2024-01-08,55,1,8,0
2024-01-08,55,1,8,0
2024-01-09,66,1,9,1
2024-01-09,66,1,9,1
2024-01-09,66,1,9,1
2024-01-09,66,1,9,1
2024-01-09,66,1,9,1
2024-01-09,66,1,9,1
2024-01-10,78,1,10,2
2024-01-10,78,1,10,2
2024-01-10,78,1,10,2
2024-01-10,78,1,10,2
2024-01-10,78,1,10,2
2024-01-10,78,1,10,2
2024-01-11,64,1,11,3
2024-01-11,64,1,11,3
2024-01-11,64,1,11,3
2024-01-11,64,1,11,3
2024-01-11,64,1,11,3
2024-01-11,64,1,11,3
2024-01-12,53,1,12,4
2024-01-12,53,1,12,4
2024-01-12,53,1,12,4
2024-01-12,53,1,12,4
2024-01-12,53,1,12,4
2024-01-12,53,1,12,4
2024-01-13,56,1,13,5
2024-01-13,56,1,13,5
2024-01-13,56,1,13,5
2024-01-13,56,1,13,5
2024-01-13,56,1,13,5
2024-01-13,56,1,13,5
2024-01-14,69,1,14,6
2024-01-14,69,1,14,6
2024-01-14,69,1,14,6
2024-01-14,69,1,14,6
2024-01-14,69,1,14,6
2024-01-14,69,1,14,6
2024-01-15,51,1,15,0
2024-01-15,51,1,15,0
2024-01-15,51,1,15,0
2024-01-15,51,1,15,0
2024-01-15,51,1,15,0
2024-01-15,51,1,15,0
2024-01-16,58,1,16,1
2024-01-16,58,1,16,1
2024-01-16,58,1,16,1
2024-01-16,58,1,16,1
2024-01-16,58,1,16,1
2024-01-16,58,1,16,1
2024-01-17,70,1,17,2
2024-01-17,70,1,17,2
2024-01-17,70,1,17,2
2024-01-17,70,1,17,2
2024-01-17,70,1,17,2
2024-01-17,70,1,17,2
2024-01-18,71,1,18,3
2024-01-18,71,1,18,3
2024-01-18,71,1,18,3
2024-01-18,71,1,18,3
2024-01-18,71,1,18,3
2024-01-18,71,1,18,3
2024-01-19,61,1,19,4
2024-01-19,61,1,19,4
2024-01-19,61,1,19,4
2024-01-19,61,1,19,4
2024-01-19,61,1,19,4
2024-01-19,61,1,19,4
2024-01-20,56,1,20,5
2024-01-20,56,1,20,5
2024-01-20,56,1,20,5
2024-01-20,56,1,20,5
2024-01-20,56,1,20,5
2024-01-20,56,1,20,5
2024-01-21,53,1,21,6
2024-01-21,53,1,21,6
2024-01-21,53,1,21,6
2024-01-21,53,1,21,6
2024-01-21,53,1,21,6
2024-01-21,53,1,21,6
2024-01-22,55,1,22,0
2024-01-22,55,1,22,0
2024-01-22,55,1,22,0
2024-01-22,55,1,22,0
2024-01-22,55,1,22,0
2024-01-22,55,1,22,0
2024-01-23,71,1,23,1
2024-01-23,71,1,23,1
2024-01-23,71,1,23,1
2024-01-23,71,1,23,1
2024-01-23,71,1,23,1
2024-01-23,71,1,23,1
2024-01-24,70,1,24,2
2024-01-24,70,1,24,2
2024-01-24,70,1,24,2
2024-01-24,70,1,24,2
2024-01-24,70,1,24,2
2024-01-24,70,1,24,2
2024-01-25,59,1,25,3
2024-01-25,59,1,25,3
2024-01-25,59,1,25,3
2024-01-25,59,1,25,3
2024-01-25,59,1,25,3
2024-01-25,59,1,25,3
2024-01-26,53,1,26,4
2024-01-26,53,1,26,4
2024-01-26,53,1,26,4
2024-01-26,53,1,26,4
2024-01-26,53,1,26,4
2024-01-26,53,1,26,4
2024-01-27,69,1,27,5
2024-01-27,69,1,27,5
2024-01-27,69,1,27,5
2024-01-27,69,1,27,5
2024-01-27,69,1,27,5
2024-01-27,69,1,27,5
2024-01-28,73,1,28,6
2024-01-28,73,1,28,6
2024-01-28,73,1,28,6
2024-01-28,73,1,28,6
2024-01-28,73,1,28,6
2024-01-28,73,1,28,6
2024-01-29,58,1,29,0
2024-01-29,58,1,29,0
2024-01-29,58,1,29,0
2024-01-29,58,1,29,0
2024-01-29,58,1,29,0
2024-01-29,58,1,29,0
2024-01-30,63,1,30,1
2024-01-30,63,1,30,1
2024-01-30,63,1,30,1
2024-01-30,63,1,30,1
2024-01-30,63,1,30,1
2024-01-30,63,1,30,1
2024-01-31,67,1,31,2
2024-01-31,67,1,31,2
2024-01-31,67,1,31,2
2024-01-31,67,1,31,2
2024-01-31,67,1,31,2
2024-01-31,67,1,31,2
2024-02-01,64,2,1,3
2024-02-01,64,2,1,3
2024-02-01,64,2,1,3
2024-02-01,64,2,1,3
2024-02-01,64,2,1,3
2024-02-01,64,2,1,3
2024-02-02,77,2,2,4
2024-02-02,77,2,2,4
2024-02-02,77,2,2,4
2024-02-02,77,2,2,4
2024-02-02,77,2,2,4
2024-02-02,77,2,2,4
2024-02-03,52,2,3,5
2024-02-03,52,2,3,5
2024-02-03,52,2,3,5
2024-02-03,52,2,3,5
2024-02-03,52,2,3,5
2024-02-03,52,2,3,5
2024-02-04,56,2,4,6
2024-02-04,56,2,4,6
2024-02-04,56,2,4,6
2024-02-04,56,2,4,6
2024-02-04,56,2,4,6
2024-02-04,56,2,4,6
